filename,mds,bds,mss,bss,delH,Tm(K),Tm(C),delS,delG_25C,delG_37C,Ct,redchi2,aic,bic,mode
3pme1.txt,0.0005332126000247142,0.8415990626268228,0.0007916493534544731,0.9430037190034918,-61.61029269057538,338.7639873785416,65.60398737854155,-0.1818678932413522,-7.384561641733804,-5.202146922837578,3.0,3.69494954587083,-2091.1770685458396,-2073.234096901387,hairpin
3pme2.txt,0.000563600564765558,0.8350211923212357,0.0008142366181664847,0.9319931961439946,-66.15582966809343,338.45737215578885,65.29737215578882,-0.19546281189479456,-7.876637673541481,-5.531083930803945,3.0,4.577664293813883,-2089.629994392399,-2071.6870227479467,hairpin
3pme3.txt,0.0005957492523264542,0.8378749386630017,0.0005924342784490602,0.950921836226608,-67.21024558050946,338.76823247991337,65.60823247991334,-0.1983959507906178,-8.05650889277885,-5.6757574832914415,3.0,3.350349041396112,-2105.74537758766,-2087.8024059432078,hairpin
avg,0.0005641874723722422,0.8381650645370201,0.0007327734166900059,0.9419729171246981,-64.99212264639276,338.66319733808126,65.50319733808124,-0.1919088853089215,-7.772569402684712,-5.469662778977654,3.0,3.8743209603602744,-2095.5174801752996,-2077.5745085308477,hairpin
std,2.5533854202884842e-05,0.002693229066425942,9.966226776285025e-05,0.007761884145372317,2.429750140328133,0.14555070014876503,0.14555070014876503,0.007200322549316358,0.2840198711312143,0.19816854638094786,0.0,0.5168534676006875,7.259741672051874,7.259741672051874,0
