filename,mss,bss,mds,bds,mds2,bds2,delHconf,delSconf,pB_constrain,T_constrain,delHm,delSm,delGconf_25C,delGconf_37C,delGm_25C,delGm_37C,Ct,redchi2,aic,bic,mode
3pme1.txt,0.0009268326096810823,0.9307626649333103,0.0003931109071784703,0.8464241682453483,0.0007970649130753989,0.8303632500132027,79.9629346239369,0.2665326482487724,0.303,25.0,-148.11159246622805,-0.46757069424907804,0.4935602220829196,-2.7048315569023487,-8.700714268922923,-3.089865937933979,3e-06,1.2305051606543056,-2264.703430564009,-2238.162844259281,hairpin
3pme2.txt,0.0009420846843223923,0.9204861692523524,0.0008905018337770363,0.8204654049376949,0.0009334726828074273,0.8373830830450012,-33.03452599534111,-0.11244998060579564,0.303,25.0,-74.20690938102899,-0.21906658417253883,0.4935602220829196,1.8429599893524653,-8.890016644144808,-6.261217634074342,3e-06,1.4632662889707673,-2269.7534364687244,-2243.2128501639963,hairpin
3pme3.txt,0.0006615028747143836,0.9447180586001744,-0.0012413789725996983,23.686107584082595,-0.3800416967502753,-42.1030582755852,-1.2934038427634322,-0.005993305825215819,0.303,25.0,-71.64339731271734,-0.21204599980125663,0.4935602220829165,0.5654798919855064,-8.419762011974662,-5.875210014359581,3e-06,1.2786144564282083,-2257.334745998209,-2230.7941596934816,hairpin
avg,0.0008434733895726195,0.9319889642619458,1.407792278526942e-05,8.45099905242188,-0.12610371971813084,-13.478437314175665,15.21166826194412,0.0493631206059203,0.303,25.0,-97.98729971999147,-0.2995610927409578,0.49356022208291855,-0.09879722518812566,-8.670164308347465,-5.075431195455967,3e-06,1.3241286353510937,-2263.9305376769807,-2237.389951372253,hairpin
std,0.00012882315437204235,0.009930557986129874,0.0009106695139997793,10.772853767470622,0.1795612741956598,20.240663793591168,47.58444830325357,0.15959366884643672,0.0,0.0,35.458674923671495,0.11883529722664217,1.4655364458042814e-15,1.915124026157239,0.1931921838269541,1.4128228278941497,0.0,0.100326437446489,5.099280394443285,5.099280394443089,0
