filename,mds,bds,mss,bss,delH,Tm(K),Tm(C),delS,delG_25C,delG_37C,Ct,redchi2,aic,bic,mode
wt2_mg.txt,0.00028637389913006075,0.8670239340954673,0.0004329555927827822,0.9766811131961914,-74.25606707314935,350.56895197139943,77.4089519713994,-0.21181586862035462,-11.101047685304415,-8.559257261860154,3.0,2.511035238071199,-2296.111905532115,-2277.9682806887686,hairpin
wt4_mg.txt,0.0002365924700865759,0.862359268264268,0.00037862431062161603,0.9776271218703257,-72.20097938912338,350.9146859838679,77.75468598386789,-0.20575080574553828,-10.854319148033674,-8.38530947908722,3.0,1.0133367787552445,-2479.5738297273665,-2461.390866852866,hairpin
wt3_mg.txt,0.0006996669065893623,0.8799350001417704,0.00043990377201114095,0.997787784458365,-78.85558352758392,351.44283756574276,78.28283756574274,-0.22437669828121842,-11.95542716805582,-9.262906788681207,3.0,0.026659594471178452,-2219.350959105968,-2202.526192582249,hairpin
avg,0.00040754442526866634,0.8697727341671686,0.000417161225138513,0.984032006508294,-75.10420999661888,350.9754918403367,77.81549184033668,-0.21398112421570378,-11.303598000464637,-8.735824509876194,3.0,1.183677203765874,-2331.6788981218165,-2313.9617800412943,hairpin
std,0.00020755915741321103,0.007433864590870713,2.7396954015721287e-05,0.009734468085506882,2.7821393295900454,0.35934386700937604,0.35934386700937604,0.007756597924028697,0.47179069551931696,0.37940853465679053,0.0,1.0213691725400942,109.17186395775914,108.70258780433386,0
