filename,mds,bds,mss,bss,delH,Tm(K),Tm(C),delS,delG_25C,delG_37C,Ct,redchi2,aic,bic,mode
a35_mg_1.txt,4.0668756212596615e-05,0.7201283961965851,-3.652564202004568e-05,0.9206156514030629,-70.62299013114195,350.4898936682529,77.32989366825285,-0.20149793590906878,-10.544365560493993,-8.12639032958517,3.0,96.04587801985735,-2239.2891175092805,-2221.145492665934,hairpin
a35_mg_2.txt,8.33105718948368e-05,0.9256733409236791,0.0005161133257248024,1.031774620117829,-74.72840616855774,350.72438351797825,77.56438351797823,-0.21306875050712618,-11.199827517352993,-8.643002511267483,3.0,32.96073481532805,-1681.8023070579047,-1665.8775660992355,hairpin
a35_mg_3.txt,9.249903107838362e-05,0.9557255896598168,-0.00023032484449408806,1.1360950189996575,-69.6575217466369,350.98843053932205,77.82843053932203,-0.19846101946893946,-10.484384181777905,-8.102851948150636,3.0,108.72788722721717,-1871.4830168241672,-1854.5125368617469,hairpin
avg,7.215945306193901e-05,0.8671757755933603,8.308761307022288e-05,1.029495096840183,-71.66963934877886,350.73423590851775,77.57423590851771,-0.20434256862837816,-10.74285908654163,-8.290748263001097,3.0,79.2448333541342,-1930.8581471304508,-1913.8451985423053,hairpin
std,2.25810383077604e-05,0.10469951688560633,0.00031625199191456863,0.08798384940710077,2.1984954163707555,0.2036460248460027,0.2036460248460027,0.006293668935357441,0.3240520035599431,0.2492666649947762,0.0,33.13479211288669,231.43313005557084,230.53689672153683,0
