filename,mss,bss,mds,bds,mds2,bds2,delHconf,delSconf,delHm,delSm,delGconf_25C,delGconf_37C,delGm_25C,delGm_37C,Ct,redchi2,aic,bic,mode
3pme_mg_1.txt,0.0010807816778668961,0.6837637772712208,2.9644672260325406e-05,0.6789370010023177,10.045618046368224,-651.1367875660115,19.62834799860293,0.039085803214881046,-88.75072009972574,-0.25191804604548795,7.974524912053996,7.5054952734754234,-13.638835490803046,-10.615818938257192,3e-06,1.7992700135431905,-2416.167336763424,-2386.819959780246,hairpin
3pme_mg_3.txt,0.0005799695687621557,0.7210185288584867,2.9021933927426892e-05,0.6677337502752952,0.0014232957495625875,0.57903332624753,27.59622781790706,0.08135807801649655,-108.8808158485634,-0.31319119432748665,3.338503276508444,2.362206340310486,-15.499729347879978,-11.741435015950131,3e-06,0.5408009979664959,-2788.8952817142285,-2759.1947586693727,hairpin
3pme_mg_2.txt,0.000563678966103347,0.7272677756955761,-8.312651664857755e-05,0.6746615318682685,-0.08612490367514558,8.13583989299426,42.495093430395215,0.11393387084121591,-89.67836130179975,-0.2553260574597984,8.524570500378275,7.1573640502836895,-13.550344009586254,-10.486431320068675,3e-06,0.2480555302367664,-2526.0283799436766,-2497.8219433562226,hairpin
avg,0.0007414767375774663,0.710683360608428,-8.15330348694175e-06,0.6737774277152938,3.3203054794808806,-214.14063811558992,29.906556415635066,0.07812591735753117,-95.76996575002961,-0.27347843261092436,6.612532896313572,5.6750218880232,-14.229636282756426,-10.947895091425332,3e-06,0.8627088472488177,-2577.0303328071095,-2547.9455539352803,hairpin
std,0.0002400169824718756,0.01920522926695304,5.3014677021826544e-05,0.004616234889179169,4.755648432026576,309.0183406717075,9.47717346514625,0.030641947868274975,9.278502834675198,0.02811560916190341,2.325953568013161,2.3468218192576327,0.8988177349971791,0.5635982598720719,0.0,0.6729463033938055,156.38079514169976,156.09832364045468,0
